FECHA,CODPRO,CANTID,NETO
30/07/2018,DS462545,1,16490
30/07/2018,DS460974,1,15490
30/07/2018,DS454484,1,86490
30/07/2018,DS461220,1,37807
30/07/2018,DS454484,1,86490
30/07/2018,DS453860,1,3990
30/07/2018,DS460115,1,9990
30/07/2018,DS470162,1,21490
30/07/2018,DS460547,1,7990
30/07/2018,DS462469,1,20490
30/07/2018,DS453276,1,5490
30/07/2018,DS457861,2,34980
30/07/2018,DS453142,1,15490
30/07/2018,DS460567,2,2980
30/07/2018,DS451794,1,8990
30/07/2018,DS458386,1,21490
30/07/2018,DS470159,1,28490
30/07/2018,DS470186,1,35990
30/07/2018,DS459026,2,34980
30/07/2018,DS462843,1,7990
30/07/2018,DS461355,1,29500
30/07/2018,DS453142,1,15490
30/07/2018,DS463021,1,12990
30/07/2018,DS451794,1,8990
30/07/2018,DS469787,6,71940
30/07/2018,DS460568,1,50990
30/07/2018,DS451758,1,7490
30/07/2018,DS460033,1,9490
30/07/2018,DS453059,1,13490
30/07/2018,DS460978,1,8990
30/07/2018,DS457861,1,17990
30/07/2018,DS470158,2,43980
30/07/2018,DS470160,1,62990
30/07/2018,DS470210,1,172990
27/07/2018,DS453142,1,15490
27/07/2018,DS469697,1,11400
27/07/2018,DS452979,7,17430
27/07/2018,DS460115,4,39960
27/07/2018,DS459245,4,37960
27/07/2018,DS469781,1,12597
27/07/2018,DS460115,2,19980
27/07/2018,DS469787,1,11990
27/07/2018,DS470104,1,45990
27/07/2018,DS460033,1,9490
27/07/2018,DS453167,1,97990
27/07/2018,DS469787,6,71940
27/07/2018,DS470050,1,48990
27/07/2018,DS451794,1,9490
27/07/2018,DS461226,5,125000
27/07/2018,DS470169,1,429990
27/07/2018,DS453580,1,20990
27/07/2018,DS463560,1,45490
27/07/2018,DS469786,1,48490
27/07/2018,DS463560,1,45490
27/07/2018,DS462887,1,70990
26/07/2018,DS463519,1,26990
26/07/2018,DS461274,1,17490
26/07/2018,DS453276,6,35940
26/07/2018,DS461193,1,12490
26/07/2018,DS455609,1,174990
26/07/2018,DS469690,2,21980
26/07/2018,DS461131,1,22490
26/07/2018,DS460791,4,49960
26/07/2018,DS463391,1,16723
26/07/2018,DS469634,15,209850
26/07/2018,DS460115,1,9990
26/07/2018,DS463451,1,22990
26/07/2018,DS460662,10,69900
26/07/2018,DS461193,10,124900
26/07/2018,DS453059,1,13490
26/07/2018,DS469989,1,16490
26/07/2018,DS463085,1,29403
26/07/2018,DS469694,1,18990
26/07/2018,DS470013,1,19990
26/07/2018,DS470004,2,17980
26/07/2018,DS454026,2,139980
26/07/2018,DS470012,1,5990
26/07/2018,DS461273,1,9490
26/07/2018,DS451847,1,23990
26/07/2018,DS457861,3,43470
26/07/2018,DS454093,1,40490
26/07/2018,DS451758,1,7490
26/07/2018,DS460547,3,22470
26/07/2018,DS469697,1,11400
26/07/2018,DS469880,1,9990
26/07/2018,DS460116,1,7490
26/07/2018,DS455890,4,27960
26/07/2018,DS452979,10,24900
25/07/2018,DS461214,5,152450
25/07/2018,DS460568,1,49490
25/07/2018,DS461193,2,24980
25/07/2018,DS460662,2,13980
25/07/2018,DS462882,1,13490
25/07/2018,DS453998,1,96990
25/07/2018,DS461149,1,12990
25/07/2018,DS461078,5,44950
25/07/2018,DS469898,2,18980
25/07/2018,DS469749,1,50412
25/07/2018,DS461078,1,8990
25/07/2018,DS469880,1,9990
25/07/2018,DS463477,1,13361
25/07/2018,DS460968,1,13990
25/07/2018,DS469857,2,22980
25/07/2018,DS461562,1,7555
25/07/2018,DS462909,4,33580
25/07/2018,DS460811,1,30990
25/07/2018,DS469796,1,44529
25/07/2018,DS460033,3,28470
25/07/2018,DS460978,2,17980
25/07/2018,DS460062,2,23980
25/07/2018,DS462764,1,16990
25/07/2018,DS469968,3,49470
25/07/2018,DS457861,1,14490
25/07/2018,DS463451,1,27990
24/07/2018,DS460791,5,62450
24/07/2018,DS460114,1,28990
24/07/2018,DS469782,1,10490
24/07/2018,DS461041,1,126490
24/07/2018,DS469797,1,488490
24/07/2018,DS469619,1,70990
24/07/2018,DS469828,1,44490
24/07/2018,DS463017,1,14490
24/07/2018,DS469891,1,19990
24/07/2018,DS463021,6,77940
24/07/2018,DS469803,6,167940
24/07/2018,DS469693,1,88490
24/07/2018,DS463455,1,11490
24/07/2018,DS451794,1,9490
24/07/2018,DS461138,1,14990
24/07/2018,DS462936,1,76990
24/07/2018,DS469899,1,19490
24/07/2018,DS461262,1,18490
24/07/2018,DS462840,3,44970
24/07/2018,DS469869,2,32980
24/07/2018,DS455594,1,9490
24/07/2018,DS455249,1,2915
24/07/2018,DS455250,1,2915
24/07/2018,DS455251,1,2915
24/07/2018,DS469829,1,184990
24/07/2018,DS462691,1,49990
24/07/2018,DS469814,4,21960
24/07/2018,DS469583,1,59400
24/07/2018,DS460567,12,17880
24/07/2018,DS462924,1,10490
24/07/2018,DS451847,1,23990
24/07/2018,DS461246,2,24980
24/07/2018,DS451980,2,37980
23/07/2018,DS462877,2,19980
23/07/2018,DS463544,1,12990
23/07/2018,DS453568,1,13990
23/07/2018,DS469794,3,134970
23/07/2018,DS454639,1,26990
23/07/2018,DS453753,5,119950
23/07/2018,DS451758,1,7490
23/07/2018,DS460665,1,10490
23/07/2018,DS462998,1,16990
23/07/2018,DS463274,1,31849
23/07/2018,DS461019,13,201370
23/07/2018,DS461107,1,123490
23/07/2018,DS469842,13,201370
23/07/2018,DS460547,6,44940
23/07/2018,DS469640,1,15490
23/07/2018,DS459249,1,26990
23/07/2018,DS451505,1,54990
23/07/2018,DS453791,1,45990
23/07/2018,DS459739,1,6490
23/07/2018,DS459249,1,26990
23/07/2018,DS452721,1,41490
23/07/2018,DS460810,1,11990
23/07/2018,DS460968,1,13990
23/07/2018,DS453753,1,23490
23/07/2018,DS457861,2,28980
23/07/2018,DS469773,1,10490
23/07/2018,DS460244,1,47990
23/07/2018,DS462840,1,14490
23/07/2018,DS452722,5,52450
23/07/2018,DS460810,2,22980
20/07/2018,DS461078,1,8990
20/07/2018,DS463286,1,20490
19/07/2018,DS459739,2,12980
19/07/2018,DS469767,2,8980
19/07/2018,DS469768,2,12980
19/07/2018,DS461336,12,143880
19/07/2018,DS453860,2,7980
19/07/2018,DS460147,1,19990
19/07/2018,DS469703,1,7990
19/07/2018,DS460862,2,25000
19/07/2018,DS451758,2,14980
19/07/2018,DS460244,1,47490
19/07/2018,DS460250,2,165980
19/07/2018,DS460115,1,9990
19/07/2018,DS455544,1,11490
19/07/2018,DS460567,1,1490
19/07/2018,DS452716,2,42980
19/07/2018,DS469693,2,173980
19/07/2018,DS463455,1,11490
19/07/2018,DS469110,1,119500
19/07/2018,DS459757,3,103470
19/07/2018,DS462415,1,27100
19/07/2018,DS461555,1,12900
19/07/2018,DS454025,1,17490
19/07/2018,DS453142,4,61960
19/07/2018,DS455889,2,31980
19/07/2018,DS462963,1,10490
19/07/2018,DS469744,2,130980
19/07/2018,DS453860,4,15960
19/07/2018,DS455889,4,65960
19/07/2018,DS460115,4,39960
19/07/2018,DS462808,4,27960
19/07/2018,DS462482,1,19490
19/07/2018,DS463505,1,25990
19/07/2018,DS458240,1,21990
19/07/2018,DS453860,5,19950
19/07/2018,DS454484,1,87490
19/07/2018,DS468989,1,26042
19/07/2018,DS469685,1,168400
19/07/2018,DS463480,1,129490
19/07/2018,DS460936,1,11400
19/07/2018,DS454022,6,371940
19/07/2018,DS461193,2,24980
19/07/2018,DS462843,1,7990
19/07/2018,DS462907,1,12990
19/07/2018,DS469697,1,11400
19/07/2018,DS463296,1,10900
19/07/2018,DS460810,1,11490
19/07/2018,DS460033,1,9490
19/07/2018,DS461138,1,14990
19/07/2018,DS469697,2,22800
19/07/2018,DS462677,3,12579
19/07/2018,DS469706,2,127980
19/07/2018,DS461562,2,15110
19/07/2018,DS461563,2,26722
19/07/2018,DS469691,3,65970
19/07/2018,DS459027,1,13490
19/07/2018,DS460811,2,61980
19/07/2018,DS452705,2,174980
19/07/2018,DS463019,1,39990
19/07/2018,DS460117,1,42990
19/07/2018,DS461068,1,21490
19/07/2018,DS460115,2,19980
19/07/2018,DS460547,10,74900
18/07/2018,DS463540,1,19990
18/07/2018,DS453753,1,23490
18/07/2018,DS461370,1,20490
18/07/2018,DS461337,2,21980
18/07/2018,DS463345,6,1072002
18/07/2018,DS463344,12,814800
18/07/2018,DS463343,5,306600
18/07/2018,DS462998,2,33980
18/07/2018,DS463022,2,185980
18/07/2018,DS459757,1,37990
18/07/2018,DS462907,1,12990
18/07/2018,DS462909,1,8395
18/07/2018,DS460978,2,17980
18/07/2018,DS462965,3,59970
18/07/2018,DS461562,1,7555
18/07/2018,DS462909,1,8395
18/07/2018,DS462910,1,12521
18/07/2018,DS461524,1,6714
18/07/2018,DS469023,1,23101
18/07/2018,DS469024,1,19319
18/07/2018,DS469025,1,23521
18/07/2018,DS469026,1,23521
18/07/2018,DS469027,1,29403
18/07/2018,DS469028,1,22260
18/07/2018,DS453364,1,183490
18/07/2018,DS469637,1,127490
18/07/2018,DS463343,5,306600
18/07/2018,DS463344,12,814800
18/07/2018,DS463345,6,1072002
18/07/2018,DS469692,1,50490
18/07/2018,DS463515,1,28983
18/07/2018,DS469690,2,21980
18/07/2018,DS455249,1,2915
18/07/2018,DS455250,1,2915
18/07/2018,DS455251,1,2915
18/07/2018,DS460936,1,11400
18/07/2018,DS462773,2,190980
18/07/2018,DS469611,2,15980
18/07/2018,DS468989,1,26042
18/07/2018,DS463391,1,16723
18/07/2018,DS451950,1,27490
18/07/2018,DS453753,3,70470
18/07/2018,DS461154,1,49990
18/07/2018,DS462843,2,15980
18/07/2018,DS453276,10,54900
18/07/2018,DS469681,6,3416940
17/07/2018,DS458746,3,40470
17/07/2018,DS469022,1,267490
17/07/2018,DS460244,1,47490
17/07/2018,DS460116,4,27960
17/07/2018,DS455544,1,12490
17/07/2018,DS462764,1,16990
17/07/2018,DS469021,1,62490
17/07/2018,DS463544,1,12990
17/07/2018,DS455544,1,12490
17/07/2018,DS462877,1,9990
17/07/2018,DS460532,1,83490
17/07/2018,DS462882,1,14490
17/07/2018,DS463553,1,14490
17/07/2018,DS462915,2,31980
17/07/2018,DS460260,1,11990
17/07/2018,DS463475,1,285490
17/07/2018,DS461078,1,8490
17/07/2018,DS453444,1,44490
17/07/2018,DS469616,1,325490
17/07/2018,DS469617,1,92490
17/07/2018,DS469618,1,243490
17/07/2018,DS469619,1,69990
17/07/2018,DS455249,1,2915
17/07/2018,DS455250,1,2915
17/07/2018,DS455251,1,2915
17/07/2018,DS460115,1,9990
17/07/2018,DS462901,1,78990
17/07/2018,DS460936,1,11400
17/07/2018,DS460662,1,6990
17/07/2018,DS463480,1,129490
17/07/2018,DS462764,2,33980
17/07/2018,DS460942,15,157350
17/07/2018,DS462476,2,95980
17/07/2018,DS462962,10,364900
17/07/2018,DS469034,1,142490
17/07/2018,DS462877,1,9990
17/07/2018,DS463019,2,79980
17/07/2018,DS469586,3,35970
13/07/2018,DS453860,6,23940
13/07/2018,DS451737,1,110990
13/07/2018,DS468988,2,17980
13/07/2018,DS468969,1,27490
13/07/2018,DS455654,1,51490
13/07/2018,DS460244,1,46490
13/07/2018,DS463019,1,39990
13/07/2018,DS453276,3,16470
13/07/2018,DS460115,1,9990
13/07/2018,DS462965,1,19990
13/07/2018,DS463505,2,51980
13/07/2018,DS454484,2,174980
13/07/2018,DS459249,1,26990
13/07/2018,DS460978,1,9490
13/07/2018,DS462963,1,10490
13/07/2018,DS458509,3,76470
13/07/2018,DS461078,1,8990
13/07/2018,DS468967,1,90990
13/07/2018,DS463491,1,23445
13/07/2018,DS462998,2,33980
13/07/2018,DS462942,8,79920
11/07/2018,DS452718,1,20490
10/07/2018,DS463021,1,12990
10/07/2018,DS461053,1,9490
10/07/2018,DS455249,5,14575
10/07/2018,DS455250,5,14575
10/07/2018,DS455251,5,14575
10/07/2018,DS463258,1,8395
10/07/2018,DS453364,1,182990
10/07/2018,DS463286,1,20490
10/07/2018,DS463292,1,99800
10/07/2018,DS463277,1,23990
10/07/2018,DS461273,3,28470
10/07/2018,DS462912,1,94490
10/07/2018,DS453476,1,16490
10/07/2018,DS463110,2,36980
10/07/2018,DS460942,1,10490
10/07/2018,DS453276,2,10980
10/07/2018,DS460810,2,22980
10/07/2018,DS460940,1,10490
10/07/2018,DS463541,2,39800
10/07/2018,DS463535,1,72200
10/07/2018,DS461273,1,9490
10/07/2018,DS462482,1,19490
10/07/2018,DS462877,2,19980
10/07/2018,DS459026,1,11490
10/07/2018,DS462773,1,96490
10/07/2018,DS463278,1,70490
10/07/2018,DS462819,3,12579
10/07/2018,DS460954,6,56940
10/07/2018,DS462906,1,14990
10/07/2018,DS460567,1,1490
10/07/2018,DS462687,1,16490
10/07/2018,DS463537,1,4490
10/07/2018,DS463538,1,6990
10/07/2018,DS463479,1,4490
10/07/2018,DS460936,1,11400
10/07/2018,DS462415,1,27100
10/07/2018,DS451505,1,55490
10/07/2018,DS461164,1,119990
10/07/2018,DS451726,1,7990
10/07/2018,DS453142,1,18490
10/07/2018,DS460033,2,17980
10/07/2018,DS453998,1,96990
10/07/2018,DS455654,1,51490
10/07/2018,DS463224,1,12990
10/07/2018,DS455249,4,11660
10/07/2018,DS455250,4,11660
10/07/2018,DS455251,4,11660
10/07/2018,DS462802,1,34490
10/07/2018,DS451794,1,15494
10/07/2018,DS451794,1,9490
10/07/2018,DS463505,1,25990
10/07/2018,DS463471,1,15042
10/07/2018,DS460567,1,1490
10/07/2018,DS460978,1,8990
10/07/2018,DS460665,2,21980
10/07/2018,DS460810,2,22980
10/07/2018,DS454625,1,6490
10/07/2018,DS462843,1,7990
10/07/2018,DS453142,4,73960
10/07/2018,DS463519,1,26990
10/07/2018,DS460244,1,46490
10/07/2018,DS454625,2,12980
10/07/2018,DS457861,1,14490
10/07/2018,DS463531,2,19980
10/07/2018,DS463539,1,97990
10/07/2018,DS452716,1,21490
10/07/2018,DS455804,1,47490
10/07/2018,DS461214,5,152450
10/07/2018,DS463544,2,26980
10/07/2018,DS461562,1,7555
10/07/2018,DS462677,1,4193
10/07/2018,DS461053,1,9490
10/07/2018,DS453686,1,44490
10/07/2018,DS452715,2,61980
10/07/2018,DS460975,1,17990
10/07/2018,DS461262,1,18490
10/07/2018,DS460940,1,10490
10/07/2018,DS463268,1,10990
10/07/2018,DS461193,1,12490
10/07/2018,DS454759,1,22990
10/07/2018,DS453276,1,5490
10/07/2018,DS460978,2,17980
10/07/2018,DS453476,1,16490
10/07/2018,DS463021,3,38970
10/07/2018,DS463335,1,15429
10/07/2018,DS463555,1,186800
10/07/2018,DS463556,1,129900
10/07/2018,DS460115,1,9990
10/07/2018,DS460116,5,37450
10/07/2018,DS452718,2,40980
10/07/2018,DS451794,3,28470
10/07/2018,DS453796,4,83960
10/07/2018,DS458240,1,23990
10/07/2018,DS463336,1,29990
10/07/2018,DS462842,2,49980
10/07/2018,DS463018,1,30244
10/07/2018,DS463334,1,27302
10/07/2018,DS462843,1,7990
10/07/2018,DS462908,1,27490
10/07/2018,DS461053,4,37960
10/07/2018,DS463454,4,47960
10/07/2018,DS453576,1,12990
10/07/2018,DS461053,1,9490
10/07/2018,DS451794,2,17980
10/07/2018,DS451950,1,27490
10/07/2018,DS460724,1,26990
10/07/2018,DS460862,3,37500
10/07/2018,DS463519,3,80970
10/07/2018,DS462493,1,73490
10/07/2018,DS463530,1,748490
10/07/2018,DS463563,1,481990
10/07/2018,DS462909,1,8395
09/07/2018,DS455889,1,16490
09/07/2018,DS451980,1,18490
09/07/2018,DS461346,1,5490
09/07/2018,DS463314,1,12990
09/07/2018,DS460942,4,43960
09/07/2018,DS453142,1,19990
09/07/2018,DS461274,1,17490
09/07/2018,DS463279,2,24980
09/07/2018,DS460114,1,27990
09/07/2018,DS462469,1,20490
09/07/2018,DS463311,1,13990
09/07/2018,DS461273,1,9490
09/07/2018,DS462994,2,20980
09/07/2018,DS462889,1,50412
09/07/2018,DS460244,2,92980
09/07/2018,DS455724,1,23490
09/07/2018,DS460116,4,27960
09/07/2018,DS463451,1,27990
09/07/2018,DS463452,2,58980
09/07/2018,DS455251,1,2915
09/07/2018,DS463307,1,341990
09/07/2018,DS460144,1,10990
09/07/2018,DS460810,1,11490
09/07/2018,DS463252,1,84490
09/07/2018,DS462882,1,13490
09/07/2018,DS460062,1,11990
09/07/2018,DS462961,2,123482
09/07/2018,DS463270,1,52990
09/07/2018,DS463343,5,306600
09/07/2018,DS463344,12,814800
09/07/2018,DS463345,6,1072002
09/07/2018,DS459954,1,22400
09/07/2018,DS462835,1,22664
09/07/2018,DS460662,2,13980
09/07/2018,DS461193,2,24980
09/07/2018,DS463398,2,32980
09/07/2018,DS460978,5,44950
09/07/2018,DS453276,1,5490
09/07/2018,DS451847,1,23990
09/07/2018,DS460568,1,49490
09/07/2018,DS454733,1,25171
06/07/2018,DS460567,3,4470
06/07/2018,DS462896,2,79980
06/07/2018,DS462926,1,22990
06/07/2018,DS462415,2,54200
06/07/2018,DS462872,1,8395
06/07/2018,DS455594,1,10490
06/07/2018,DS461522,1,171990
06/07/2018,DS461522,1,171990
06/07/2018,DS460557,1,16434
06/07/2018,DS462772,1,34990
06/07/2018,DS463294,1,37807
06/07/2018,DS462967,1,10990
06/07/2018,DS462837,2,33980
06/07/2018,DS462962,1,33990
06/07/2018,DS463100,1,89990
06/07/2018,DS462764,2,33980
06/07/2018,DS462926,1,22990
06/07/2018,DS462691,1,49990
06/07/2018,DS452977,1,17990
06/07/2018,DS459249,1,26990
05/07/2018,DS458977,1,30490
05/07/2018,DS461274,1,17490
05/07/2018,DS460954,2,18980
05/07/2018,DS460272,1,77990
05/07/2018,DS460724,1,26990
05/07/2018,DS459249,1,26990
05/07/2018,DS462933,3,43470
05/07/2018,DS458240,1,22990
05/07/2018,DS462964,2,75980
05/07/2018,DS462882,2,25980
05/07/2018,DS458240,1,23490
05/07/2018,DS460978,1,8990
05/07/2018,DS458240,2,46980
05/07/2018,DS458240,1,23490
05/07/2018,DS461273,2,18980
05/07/2018,DS458240,3,70470
05/07/2018,DS462937,4,330564
05/07/2018,DS463076,1,37731
05/07/2018,DS463077,1,10000
05/07/2018,DS453582,3,16470
05/07/2018,DS462961,2,131980
05/07/2018,DS455804,1,45990
05/07/2018,DS461410,1,19900
05/07/2018,DS453476,1,16490
05/07/2018,DS463285,2,5980
05/07/2018,DS462482,1,19490
05/07/2018,DS460567,6,8940
05/07/2018,DS463024,1,632990
05/07/2018,DS452715,1,30490
05/07/2018,DS453177,1,73490
05/07/2018,DS463022,2,185980
05/07/2018,DS453568,1,15490
05/07/2018,DS462910,1,12521
05/07/2018,DS463057,1,11681
05/07/2018,DS461193,2,24980
05/07/2018,DS463276,3,134970
04/07/2018,DS454193,5,104950
04/07/2018,DS453146,1,25490
04/07/2018,DS460116,2,13980
04/07/2018,DS453582,1,5490
04/07/2018,DS452718,1,20490
04/07/2018,DS463031,1,43990
04/07/2018,DS460973,1,11490
04/07/2018,DS461135,2,372980
04/07/2018,DS462901,2,159980
04/07/2018,DS460115,1,9490
04/07/2018,DS462879,2,58000
04/07/2018,DS463037,1,214990
04/07/2018,DS463038,1,128990
04/07/2018,DS461273,1,9490
04/07/2018,DS452720,3,92970
04/07/2018,DS462963,10,104900
04/07/2018,DS462542,2,58656
04/07/2018,DS462925,3,368157
04/07/2018,DS462677,1,4193
04/07/2018,DS455804,1,47490
03/07/2018,DS454633,1,9990
03/07/2018,DS462881,1,26000
03/07/2018,DS453276,6,32940
03/07/2018,DS462871,1,55490
03/07/2018,DS462880,1,45490
03/07/2018,DS461262,1,18490
03/07/2018,DS460273,1,25990
03/07/2018,DS462981,1,11490
03/07/2018,DS451950,1,27490
03/07/2018,DS462994,1,10490
03/07/2018,DS454484,1,86490
29/06/2018,DS451505,1,54990
29/06/2018,DS461410,1,19900
29/06/2018,DS460116,3,22470
29/06/2018,DS452705,1,91490
29/06/2018,DS462887,1,72490
29/06/2018,DS462878,1,276490
29/06/2018,DS460115,1,10990
29/06/2018,DS460936,1,11400
29/06/2018,DS453276,4,21960
28/06/2018,DS461015,1,58990
28/06/2018,DS460033,2,17980
27/06/2018,DS461214,1,33490
27/06/2018,DS461522,1,174990
27/06/2018,DS460244,1,48490
27/06/2018,DS454647,1,2915
27/06/2018,DS455249,1,2915
27/06/2018,DS455250,1,2915
27/06/2018,DS455251,1,2915
27/06/2018,DS452718,1,20490
27/06/2018,DS455889,1,17990
27/06/2018,DS460455,2,52000
27/06/2018,DS451933,1,18405
27/06/2018,DS454193,5,104950
27/06/2018,DS461273,1,10490
27/06/2018,DS462865,1,12490
27/06/2018,DS461336,3,44970
27/06/2018,DS460942,1,11490
27/06/2018,DS460940,2,22980
27/06/2018,DS462840,1,14490
27/06/2018,DS461370,1,20490
27/06/2018,DS462868,3,55470
27/06/2018,DS461131,2,44980
27/06/2018,DS461226,1,30000
27/06/2018,DS460936,1,11400
27/06/2018,DS461337,3,34470
27/06/2018,DS455249,1,2915
27/06/2018,DS455250,1,2915
27/06/2018,DS455251,1,2915
27/06/2018,DS459384,1,39000
27/06/2018,DS460936,3,34200
27/06/2018,DS455249,1,2915
27/06/2018,DS455250,1,2915
27/06/2018,DS455251,1,2915
27/06/2018,DS462687,2,32980
27/06/2018,DS461388,2,528000
27/06/2018,DS462806,1,78990
27/06/2018,DS462841,1,30990
27/06/2018,DS462839,1,238490
27/06/2018,DS460244,1,46990
27/06/2018,DS454790,3,644808
27/06/2018,DS462867,1,25990
26/06/2018,DS460557,1,16434
26/06/2018,DS453276,1,5490
26/06/2018,DS453754,1,108990
26/06/2018,DS460250,1,84490
26/06/2018,DS453568,2,33980
26/06/2018,DS460968,1,15990
26/06/2018,DS455249,1,2915
26/06/2018,DS455250,1,2915
26/06/2018,DS455251,1,2915
26/06/2018,DS453276,6,32940
26/06/2018,DS462800,1,62990
26/06/2018,DS453276,5,27450
26/06/2018,DS453860,10,34900
26/06/2018,DS462808,8,51920
26/06/2018,DS462809,1,40990
26/06/2018,DS452718,1,20490
26/06/2018,DS462783,1,41990
21/06/2018,DS462773,1,97990
21/06/2018,DS459757,1,37990
21/06/2018,DS451757,1,16990
21/06/2018,DS451936,2,25980
21/06/2018,DS461468,1,5034
21/06/2018,DS455250,1,2915
21/06/2018,DS455251,1,2915
21/06/2018,DS462596,1,328640
21/06/2018,DS461224,1,15990
21/06/2018,DS454759,3,77970
21/06/2018,DS452718,1,20490
21/06/2018,DS460147,3,58470
21/06/2018,DS461653,1,172594
21/06/2018,DS460147,1,18990
21/06/2018,DS460115,1,10990
21/06/2018,DS459249,1,29990
21/06/2018,DS459418,1,136025
21/06/2018,DS460665,2,23980
21/06/2018,DS452720,1,34990
21/06/2018,DS460622,2,7980
21/06/2018,DS461109,1,11990
21/06/2018,DS461131,1,22490
21/06/2018,DS460244,2,95980
21/06/2018,DS460936,2,22800
21/06/2018,DS461494,1,166031
21/06/2018,DS452718,1,20490
21/06/2018,DS460091,2,53940
21/06/2018,DS455804,1,47990
21/06/2018,DS462482,1,21490
21/06/2018,DS462693,1,78490
21/06/2018,DS454625,1,6490
21/06/2018,DS460862,2,25000
21/06/2018,DS461337,4,45960
21/06/2018,DS455609,1,176490
21/06/2018,DS462771,1,175990
21/06/2018,DS462688,1,22990
21/06/2018,DS460147,1,18990
21/06/2018,DS454314,1,126990
21/06/2018,DS451793,2,110980
21/06/2018,DS461410,1,19900
21/06/2018,DS453484,1,59990
21/06/2018,DS462649,2,867336
21/06/2018,DS458232,1,17490
21/06/2018,DS460942,1,10990
21/06/2018,DS462692,1,139990
21/06/2018,DS460244,1,47990
20/06/2018,DS459418,1,136025
20/06/2018,DS461131,1,22490
20/06/2018,DS462531,1,17490
20/06/2018,DS462545,1,16490
20/06/2018,DS461359,1,31924
20/06/2018,DS453754,1,109490
20/06/2018,DS461138,1,16490
20/06/2018,DS460665,1,11990
20/06/2018,DS460942,1,11490
20/06/2018,DS462572,15,299850
20/06/2018,DS454484,1,87490
20/06/2018,DS460014,1,9490
20/06/2018,DS461108,1,17490
20/06/2018,DS461216,1,7990
20/06/2018,DS456029,1,284490
20/06/2018,DS461492,1,53352
20/06/2018,DS460244,3,143970
20/06/2018,DS451794,3,31470
19/06/2018,DS461410,1,19900
19/06/2018,DS459384,1,39000
19/06/2018,DS460244,1,59490
19/06/2018,DS461522,1,173990
19/06/2018,DS462476,1,56990
19/06/2018,DS462493,1,78990
19/06/2018,DS462469,1,22490
19/06/2018,DS460594,1,33990
19/06/2018,DS451505,1,54990
19/06/2018,DS454647,1,2915
19/06/2018,DS460244,1,47990
19/06/2018,DS461068,1,11990
19/06/2018,DS454625,2,12980
19/06/2018,DS461343,1,15490
19/06/2018,DS461138,2,32980
19/06/2018,DS461198,1,31490
19/06/2018,DS454647,10,29150
19/06/2018,DS454647,4,11660
19/06/2018,DS455249,2,5830
19/06/2018,DS455250,2,5830
19/06/2018,DS455251,2,5830
19/06/2018,DS454484,1,87490
19/06/2018,DS461383,1,136990
19/06/2018,DS452724,1,98990
18/06/2018,DS461329,2,110980
18/06/2018,DS454484,1,87490
18/06/2018,DS461135,1,189490
18/06/2018,DS460940,1,11490
18/06/2018,DS461220,1,37807
18/06/2018,DS460791,4,49960
18/06/2018,DS460791,5,62450
18/06/2018,DS461355,2,59000
18/06/2018,DS461227,4,75960
18/06/2018,DS453860,3,10470
18/06/2018,DS455544,1,12490
18/06/2018,DS461247,4,47960
18/06/2018,DS461106,4,105848
18/06/2018,DS460278,1,199352
18/06/2018,DS454484,1,87490
18/06/2018,DS460978,2,20980
18/06/2018,DS458746,1,13490
15/06/2018,DS461262,1,20990
15/06/2018,DS461369,1,84990
15/06/2018,DS455889,6,107940
15/06/2018,DS460940,2,22980
15/06/2018,DS453170,1,31990
15/06/2018,DS461404,1,47490
15/06/2018,DS461286,1,10990
15/06/2018,DS461155,1,27723
15/06/2018,DS461056,1,68990
15/06/2018,DS460665,1,11990
15/06/2018,DS460278,1,206490
15/06/2018,DS460116,2,13980
15/06/2018,DS453085,1,34490
15/06/2018,DS460568,4,195416
15/06/2018,DS461382,1,33990
15/06/2018,DS461384,2,16980
15/06/2018,DS461015,1,58990
15/06/2018,DS453582,1,5490
15/06/2018,DS460662,2,13980
15/06/2018,DS461273,2,20980
15/06/2018,DS460567,4,5960
15/06/2018,DS452715,1,33990
14/06/2018,DS461297,1,41990
14/06/2018,DS461219,1,432490
14/06/2018,DS461312,1,72990
14/06/2018,DS461186,1,20990
14/06/2018,DS459762,1,18490
14/06/2018,DS458346,1,34490
14/06/2018,DS461274,1,19490
14/06/2018,DS461366,1,10990
14/06/2018,DS451794,1,15494
14/06/2018,DS460936,1,11400
14/06/2018,DS454647,1,2915
14/06/2018,DS454561,2,27980
14/06/2018,DS461263,1,24990
14/06/2018,DS461197,4,43960
14/06/2018,DS453142,1,21490
14/06/2018,DS460942,4,43960
14/06/2018,DS461109,4,47960
14/06/2018,DS453177,1,76490
14/06/2018,DS461337,2,21980
14/06/2018,DS461370,1,20490
14/06/2018,DS455901,1,11490
14/06/2018,DS460116,2,13980
14/06/2018,DS461243,2,36980
14/06/2018,DS460942,5,54950
14/06/2018,DS461280,1,8490
14/06/2018,DS455544,1,12490
14/06/2018,DS454647,2,5830
14/06/2018,DS455250,1,2915
14/06/2018,DS455251,1,2915
14/06/2018,DS452718,1,20490
14/06/2018,DS461341,1,14990
14/06/2018,DS461342,1,27990
14/06/2018,DS461335,1,79490
14/06/2018,DS461345,1,235990
14/06/2018,DS461346,1,5490
14/06/2018,DS455594,1,10490
14/06/2018,DS460147,2,36980
14/06/2018,DS461329,2,110980
14/06/2018,DS453142,7,150430
14/06/2018,DS460665,1,11990
14/06/2018,DS460958,4,61960
14/06/2018,DS451933,1,11990
14/06/2018,DS461334,2,98980
14/06/2018,DS461014,3,1160970
14/06/2018,DS455609,1,173990
14/06/2018,DS455804,1,47490
14/06/2018,DS461208,20,129800
14/06/2018,DS461286,2,21980
14/06/2018,DS452844,2,233980
14/06/2018,DS454642,1,188490
14/06/2018,DS451505,1,54990
14/06/2018,DS454314,1,136490
14/06/2018,DS461343,1,15490
13/06/2018,DS451794,2,20980
13/06/2018,DS455804,1,46990
13/06/2018,DS461276,1,125990
13/06/2018,DS461275,1,31490
13/06/2018,DS460014,2,17980
13/06/2018,DS460115,1,10990
13/06/2018,DS461273,1,10490
13/06/2018,DS461274,1,19490
13/06/2018,DS461246,1,12490
13/06/2018,DS460033,1,8990
13/06/2018,DS461228,1,10490
13/06/2018,DS461336,1,14990
13/06/2018,DS461337,1,10990
13/06/2018,DS452844,1,116990
13/06/2018,DS453754,1,108490
13/06/2018,DS460532,2,166980
12/06/2018,DS458511,1,10490
12/06/2018,DS461170,1,18535
12/06/2018,DS461135,1,189490
12/06/2018,DS460244,2,118980
12/06/2018,DS461068,2,22980
12/06/2018,DS461144,2,42980
12/06/2018,DS461148,1,50490
12/06/2018,DS461207,1,132990
12/06/2018,DS461019,1,16990
12/06/2018,DS461151,2,56980
12/06/2018,DS461209,2,161980
12/06/2018,DS460567,1,1490
12/06/2018,DS460622,2,7980
12/06/2018,DS458240,5,129950
12/06/2018,DS461171,1,23925
12/06/2018,DS461172,1,25300
12/06/2018,DS461173,1,20900
12/06/2018,DS461174,1,25300
12/06/2018,DS461175,1,10010
12/06/2018,DS461176,1,6380
12/06/2018,DS461177,1,5500
12/06/2018,DS461178,1,14080
12/06/2018,DS461049,1,24490
12/06/2018,DS461053,4,41960
12/06/2018,DS453171,1,66990
12/06/2018,DS451847,1,26490
12/06/2018,DS461225,1,22990
12/06/2018,DS461224,1,15990
12/06/2018,DS461227,2,37980
12/06/2018,DS452705,1,90990
12/06/2018,DS459815,1,476990
12/06/2018,DS460244,1,47990
12/06/2018,DS461225,1,22990
12/06/2018,DS452705,1,91490
12/06/2018,DS453167,1,95990
12/06/2018,DS453142,1,21490
12/06/2018,DS461165,1,45969
12/06/2018,DS461166,1,46178
12/06/2018,DS461167,1,45375
12/06/2018,DS461168,1,6567
12/06/2018,DS461169,1,22220
12/06/2018,DS453582,1,5490
11/06/2018,DS460244,1,47490
11/06/2018,DS461214,15,502350
11/06/2018,DS460665,1,11990
11/06/2018,DS460033,1,8990
08/06/2018,DS461138,2,32980
08/06/2018,DS461135,1,187990
08/06/2018,DS461190,1,22490
08/06/2018,DS461147,1,27990
08/06/2018,DS460116,1,6990
08/06/2018,DS461191,1,9990
08/06/2018,DS458977,1,33490
08/06/2018,DS451794,1,10490
08/06/2018,DS459962,1,10490
08/06/2018,DS461149,1,14490
08/06/2018,DS454647,1,2915
08/06/2018,DS455250,1,2915
08/06/2018,DS461201,2,456980
08/06/2018,DS461196,2,20980
08/06/2018,DS461082,1,260490
08/06/2018,DS461065,1,368990
08/06/2018,DS461066,1,62490
08/06/2018,DS461193,2,24980
08/06/2018,DS461198,2,62980
08/06/2018,DS461194,1,18490
08/06/2018,DS452906,1,63990
08/06/2018,DS453276,1,5490
08/06/2018,DS451505,1,54990
08/06/2018,DS455804,1,46990
08/06/2018,DS451981,1,78990
08/06/2018,DS453142,2,42980
08/06/2018,DS459459,5,84950
08/06/2018,DS461189,2,41980
07/06/2018,DS461154,2,110980
06/06/2018,DS458984,1,63990
06/06/2018,DS453276,5,27450
06/06/2018,DS459434,1,34990
06/06/2018,DS454516,1,1527490
06/06/2018,DS460244,1,59490
06/06/2018,DS461013,1,613990
06/06/2018,DS461014,1,510490
06/06/2018,DS454647,1,2915
06/06/2018,DS455249,1,2915
06/06/2018,DS455250,1,2915
06/06/2018,DS455251,1,2915
06/06/2018,DS459384,1,39000
06/06/2018,DS461083,1,55490
06/06/2018,DS461053,1,11490
06/06/2018,DS459953,1,31490
06/06/2018,DS460244,1,47490
06/06/2018,DS453090,1,21490
06/06/2018,DS454625,3,20970
06/06/2018,DS460567,1,1490
06/06/2018,DS455609,1,172990
06/06/2018,DS453576,1,12490
06/06/2018,DS460272,1,77490
06/06/2018,DS461150,3,34470
06/06/2018,DS461053,2,22980
06/06/2018,DS454647,3,8745
06/06/2018,DS460594,1,33990
05/06/2018,DS458220,1,502490
05/06/2018,DS461147,1,27990
05/06/2018,DS452718,1,20490
05/06/2018,DS458672,1,5990
05/06/2018,DS460033,3,26970
05/06/2018,DS461107,1,131490
05/06/2018,DS452716,1,23990
05/06/2018,DS461146,2,22980
05/06/2018,DS451758,1,7490
05/06/2018,DS452720,1,34990
05/06/2018,DS455544,1,12490
05/06/2018,DS461138,1,16490
05/06/2018,DS453348,3,173970
05/06/2018,DS453432,1,5490
05/06/2018,DS460972,1,23990
05/06/2018,DS460973,1,13490
05/06/2018,DS460974,1,17490
05/06/2018,DS460975,1,21990
05/06/2018,DS460976,1,22990
05/06/2018,DS461145,1,19490
05/06/2018,DS457861,5,84950
04/06/2018,DS461076,1,17990
04/06/2018,DS461077,1,27490
04/06/2018,DS461078,1,8490
04/06/2018,DS461046,1,205990
04/06/2018,DS461083,1,55490
04/06/2018,DS455609,1,171990
04/06/2018,DS457861,1,16990
04/06/2018,DS453753,1,25490
04/06/2018,DS458746,1,13490
04/06/2018,DS461114,1,163990
04/06/2018,DS454647,1,2915
04/06/2018,DS455250,1,2915
04/06/2018,DS454510,1,15331
31/05/2018,DS458511,2,20980
31/05/2018,DS461042,4,57960
31/05/2018,DS458344,3,89970
31/05/2018,DS455654,1,53490
31/05/2018,DS459459,1,14490
31/05/2018,DS455608,1,56647
31/05/2018,DS455706,1,14896
31/05/2018,DS460097,1,38543
31/05/2018,DS454647,3,8745
31/05/2018,DS455249,1,2915
31/05/2018,DS455250,1,2915
31/05/2018,DS455251,1,2915
31/05/2018,DS460115,3,32970
31/05/2018,DS453146,1,29490
31/05/2018,DS457861,5,84950
31/05/2018,DS451792,1,22490
31/05/2018,DS460567,3,5970
31/05/2018,DS461041,1,170490
31/05/2018,DS460911,1,4990
31/05/2018,DS451950,1,29990
31/05/2018,DS460978,1,10990
31/05/2018,DS460033,2,17980
31/05/2018,DS454647,1,2915
31/05/2018,DS460940,1,11490
29/05/2018,DS460200,1,32814
29/05/2018,DS460244,1,59414
29/05/2018,DS460115,2,21980
29/05/2018,DS452716,1,23990
29/05/2018,DS452718,1,20490
29/05/2018,DS460941,1,20990
29/05/2018,DS455804,1,46990
29/05/2018,DS460997,1,532990
29/05/2018,DS451735,1,50490
29/05/2018,DS460996,1,57990
29/05/2018,DS460977,1,21490
29/05/2018,DS455960,1,67318
29/05/2018,DS460995,1,25990
29/05/2018,DS460116,1,6990
29/05/2018,DS461017,1,158490
29/05/2018,DS452718,1,20490
29/05/2018,DS460811,1,34490
29/05/2018,DS460954,1,10990
29/05/2018,DS455615,2,77980
29/05/2018,DS451792,1,22490
29/05/2018,DS460116,3,20970
29/05/2018,DS453638,1,40990
29/05/2018,DS460292,1,68490
29/05/2018,DS460811,1,34990
29/05/2018,DS460978,1,10990
29/05/2018,DS460931,1,436990
29/05/2018,DS460872,5,87450
29/05/2018,DS452718,1,20490
29/05/2018,DS460789,1,364490
29/05/2018,DS460790,2,501980
29/05/2018,DS460791,1,10490
29/05/2018,DS460144,1,10990
29/05/2018,DS460033,1,8990
29/05/2018,DS454647,1,2915
29/05/2018,DS455249,1,2915
29/05/2018,DS455250,1,2915
29/05/2018,DS455251,1,2915
29/05/2018,DS454647,15,43725
29/05/2018,DS460865,1,84000
29/05/2018,DS458509,1,24490
29/05/2018,DS460910,1,18990
29/05/2018,DS460948,2,105980
29/05/2018,DS458511,1,10490
29/05/2018,DS460810,3,41970
29/05/2018,DS460968,2,32980
29/05/2018,DS460942,4,43960
29/05/2018,DS460244,12,713880
29/05/2018,DS454647,4,11660
29/05/2018,DS455249,2,5830
29/05/2018,DS455250,2,5830
29/05/2018,DS455251,2,5830
29/05/2018,DS453585,1,264490
28/05/2018,DS460455,2,52000
28/05/2018,DS460014,1,9490
28/05/2018,DS460260,2,25980
28/05/2018,DS460584,4,53960
28/05/2018,DS453276,2,10980
28/05/2018,DS455594,2,20980
28/05/2018,DS460557,1,16990
24/05/2018,DS460001,1,13490
24/05/2018,DS460116,3,20970
24/05/2018,DS460595,1,59990
24/05/2018,DS460513,1,76490
24/05/2018,DS459998,1,1243990
24/05/2018,DS460937,1,1425490
24/05/2018,DS460938,1,1689490
24/05/2018,DS458554,1,193750
24/05/2018,DS460932,1,115990
24/05/2018,DS460720,5,84950
24/05/2018,DS453347,1,117149
24/05/2018,DS460880,1,57990
24/05/2018,DS460909,2,450980
24/05/2018,DS459434,10,349900
24/05/2018,DS460866,1,100990
23/05/2018,DS460862,1,12500
23/05/2018,DS455251,1,2915
23/05/2018,DS453347,1,123490
23/05/2018,DS454647,2,5830
23/05/2018,DS460863,1,72990
23/05/2018,DS459998,2,2543980
23/05/2018,DS460835,2,21980
23/05/2018,DS452705,1,90990
23/05/2018,DS460780,2,40980
23/05/2018,DS460792,1,169990
23/05/2018,DS460244,4,239960
23/05/2018,DS460861,2,44980
23/05/2018,DS460785,1,22490
23/05/2018,DS454706,1,499490
23/05/2018,DS454647,1,2915
23/05/2018,DS455249,1,2915
23/05/2018,DS455250,1,2915
23/05/2018,DS460724,1,26990
22/05/2018,DS455594,3,33753
22/05/2018,DS460113,41,276750
18/05/2018,DS460665,2,23980
18/05/2018,DS459459,1,14490
18/05/2018,DS455249,2,5830
18/05/2018,DS455250,2,5830
18/05/2018,DS455251,2,5830
18/05/2018,DS454647,1,2915
18/05/2018,DS451936,1,12600
18/05/2018,DS460147,1,17550
18/05/2018,DS454093,1,43990
18/05/2018,DS453585,1,265490
18/05/2018,DS455684,4,56000
18/05/2018,DS460014,1,8874
18/05/2018,DS458746,1,13568
18/05/2018,DS460116,1,6826
18/05/2018,DS453169,1,101990
18/05/2018,DS459869,10,48160
18/05/2018,DS460641,1,10703
18/05/2018,DS460630,1,46990
18/05/2018,DS460662,3,20970
18/05/2018,DS460567,13,25870
18/05/2018,DS460718,2,285980
18/05/2018,DS451794,1,10490
18/05/2018,DS459027,1,13490
18/05/2018,DS460720,1,16990
18/05/2018,DS454647,4,11660
18/05/2018,DS460622,4,15960
18/05/2018,DS458220,2,1004980
18/05/2018,DS451794,1,10131
18/05/2018,DS460568,2,97980
18/05/2018,DS459963,1,34008
18/05/2018,DS454647,1,2915
18/05/2018,DS455249,1,2915
18/05/2018,DS455250,1,2915
18/05/2018,DS455251,1,2915
18/05/2018,DS458389,1,15500
18/05/2018,DS455684,1,14000
18/05/2018,DS460273,1,25990
18/05/2018,DS460033,6,53940
18/05/2018,DS460722,6,74940
18/05/2018,DS451262,2,146980
18/05/2018,DS460221,1,27344
18/05/2018,DS460464,1,53770
17/05/2018,DS451963,1,28300
17/05/2018,DS460567,1,1574
17/05/2018,DS460097,1,38543
17/05/2018,DS453347,1,123316
17/05/2018,DS451762,2,21548
17/05/2018,DS460584,2,23254
17/05/2018,DS460585,1,11414
17/05/2018,DS460568,1,48854
17/05/2018,DS453001,1,27300
17/05/2018,DS458388,2,29000
17/05/2018,DS460532,1,81026
17/05/2018,DS460036,1,11336
17/05/2018,DS460594,3,101970
17/05/2018,DS460586,2,72534
17/05/2018,DS460033,1,8986
17/05/2018,DS452724,1,98600
16/05/2018,DS453095,2,24956
16/05/2018,DS458508,2,59164
15/05/2018,DS460422,1,9664
15/05/2018,DS460557,1,16434
15/05/2018,DS460464,1,54290
15/05/2018,DS458576,1,108619
15/05/2018,DS458344,4,117856
15/05/2018,DS453095,20,256120
15/05/2018,DS453582,20,98880
15/05/2018,DS455594,3,30270
15/05/2018,DS460513,1,75636
15/05/2018,DS454790,1,207080
15/05/2018,DS453347,1,120232
15/05/2018,DS455668,1,39000
15/05/2018,DS460548,1,9414
15/05/2018,DS460455,2,52000
15/05/2018,DS460468,1,316430
15/05/2018,DS460444,3,36009
15/05/2018,DS454647,1,2915
15/05/2018,DS455249,1,2915
15/05/2018,DS455250,1,2915
15/05/2018,DS455251,1,2915
15/05/2018,DS455654,1,52386
15/05/2018,DS454647,1,2915
15/05/2018,DS455249,1,2915
15/05/2018,DS455250,1,2915
15/05/2018,DS455251,1,2915
15/05/2018,DS460547,1,6966
15/05/2018,DS460116,1,6740
14/05/2018,DS460228,2,43936
14/05/2018,DS460227,3,65904
14/05/2018,DS460226,4,87872
14/05/2018,DS460225,19,417392
14/05/2018,DS460279,3,65904
14/05/2018,DS460223,12,263616
14/05/2018,DS460222,3,65904
14/05/2018,DS460252,1,11520
14/05/2018,DS460224,26,571168
11/05/2018,DS453090,1,20000
11/05/2018,DS460115,1,10626
10/05/2018,DS458429,1,339843
10/05/2018,DS460422,1,9784
10/05/2018,DS454484,1,85035
10/05/2018,DS454790,1,237542
10/05/2018,DS459737,1,107803
10/05/2018,DS459027,1,16614
10/05/2018,DS459249,1,27671
10/05/2018,DS455609,1,167096
10/05/2018,DS454561,2,26550
10/05/2018,DS459924,1,10726
10/05/2018,DS460304,1,336887
10/05/2018,DS455594,3,33753
10/05/2018,DS460113,41,276750
10/05/2018,DS458346,1,33314
10/05/2018,DS455608,2,113294
10/05/2018,DS460200,1,32814
10/05/2018,DS451758,2,14564
10/05/2018,DS452715,1,33180
10/05/2018,DS460312,1,37440
10/05/2018,DS458746,1,13568
10/05/2018,DS460280,1,87450
10/05/2018,DS460014,3,26958
10/05/2018,DS460260,2,25600
10/05/2018,DS454647,2,5830
10/05/2018,DS455249,2,5830
10/05/2018,DS455250,2,5830
10/05/2018,DS455251,2,5830
10/05/2018,DS455637,1,13134
10/05/2018,DS458393,1,17430
10/05/2018,DS460314,2,671086
10/05/2018,DS459345,1,19455
10/05/2018,DS460091,1,22664
10/05/2018,DS460267,1,36587
10/05/2018,DS453276,1,5094
10/05/2018,DS452137,1,65309
10/05/2018,DS453484,1,59599
10/05/2018,DS460222,3,65904
10/05/2018,DS460223,12,263616
10/05/2018,DS460224,26,571168
10/05/2018,DS460225,19,417392
10/05/2018,DS460226,4,87872
10/05/2018,DS460227,3,65904
10/05/2018,DS460228,2,43936
10/05/2018,DS460279,3,65904
10/05/2018,DS460222,3,65904
10/05/2018,DS460223,12,263616
10/05/2018,DS460224,26,571168
10/05/2018,DS460225,19,417392
10/05/2018,DS460226,4,87872
10/05/2018,DS460227,3,65904
10/05/2018,DS460228,2,43936
10/05/2018,DS460279,3,65904
10/05/2018,DS453004,1,11414
10/05/2018,DS453171,1,66767
10/05/2018,DS454647,3,8745
10/05/2018,DS460002,1,10251
10/05/2018,DS460272,1,78068
10/05/2018,DS452719,1,254442
10/05/2018,DS460292,1,68869
10/05/2018,DS458344,1,30219
10/05/2018,DS455706,1,14896
10/05/2018,DS453095,1,13134
10/05/2018,DS460097,1,38543
10/05/2018,DS453472,1,42500
10/05/2018,DS453005,1,12054
10/05/2018,DS452716,1,23855
10/05/2018,DS455287,1,25626
10/05/2018,DS455608,1,56647
10/05/2018,DS460116,4,27648
10/05/2018,DS460229,1,4952
10/05/2018,DS455544,1,12320
10/05/2018,DS455615,1,39467
10/05/2018,DS460230,2,32200
09/05/2018,DS458746,1,13568
09/05/2018,DS460096,1,21667
09/05/2018,DS460116,2,13500
09/05/2018,DS460117,1,45730
09/05/2018,DS460118,1,46480
09/05/2018,DS460001,1,13022
09/05/2018,DS455608,1,55740
09/05/2018,DS460244,2,118752
09/05/2018,DS451929,1,14272
09/05/2018,DS460115,1,10626
09/05/2018,DS460114,2,53752
09/05/2018,DS460250,1,78168
09/05/2018,DS459027,1,13500
09/05/2018,DS451936,3,37800
09/05/2018,DS452722,2,22316
09/05/2018,DS451262,1,74900
09/05/2018,DS453753,1,25074
09/05/2018,DS454647,1,2915
09/05/2018,DS454647,2,5830
09/05/2018,DS460201,1,19126
09/05/2018,DS453451,1,453108
09/05/2018,DS460252,1,11520
09/05/2018,DS460014,6,51816
09/05/2018,DS452719,1,268179
08/05/2018,DS455950,1,16164
08/05/2018,DS451735,1,56313
08/05/2018,DS455251,1,2915
08/05/2018,DS454647,1,2915
08/05/2018,DS455249,1,2915
08/05/2018,DS459249,1,27671
07/05/2018,DS453568,1,16876
07/05/2018,DS460062,1,13636
07/05/2018,DS459987,1,18900
07/05/2018,DS459954,1,22400
07/05/2018,DS454647,4,11660
07/05/2018,DS455249,2,5830
07/05/2018,DS455250,1,2915
07/05/2018,DS458576,1,89545
07/05/2018,DS459718,1,5900
07/05/2018,DS458676,1,11336
07/05/2018,DS459959,1,27706
07/05/2018,DS454647,1,2915
07/05/2018,DS455249,1,2915
07/05/2018,DS455250,1,2915
07/05/2018,DS455251,1,2915
07/05/2018,DS460055,1,24366
07/05/2018,DS460000,1,279914
04/05/2018,DS453871,1,34617
04/05/2018,DS455250,1,2915
04/05/2018,DS458390,2,31000
04/05/2018,DS455684,1,14000
04/05/2018,DS455609,1,167096
04/05/2018,DS451758,1,7086
04/05/2018,DS454081,1,72577
04/05/2018,DS456020,1,84424
04/05/2018,DS453998,1,117349
04/05/2018,DS460001,1,12814
04/05/2018,DS451933,1,11379
04/05/2018,DS451950,1,29060
04/05/2018,DS455608,1,55740
04/05/2018,DS453095,2,24956
04/05/2018,DS455608,1,55740
04/05/2018,DS458388,1,14500
04/05/2018,DS458672,4,23032
04/05/2018,DS452715,1,32288
04/05/2018,DS460013,1,15048
04/05/2018,DS460033,2,17552
04/05/2018,DS454647,1,2915
04/05/2018,DS455249,1,2915
04/05/2018,DS458389,2,31000
02/05/2018,DS459960,1,35159
02/05/2018,DS459953,1,29008
02/05/2018,DS459459,2,27360
02/05/2018,DS459962,1,21698
02/05/2018,DS458564,1,40822
02/05/2018,DS459678,1,46200
02/05/2018,DS451977,1,10251
02/05/2018,DS451262,1,73779
02/05/2018,DS459961,1,47848
02/05/2018,DS451950,1,37574
02/05/2018,DS451735,1,55412
02/05/2018,DS451762,1,10763
30/04/2018,DS451736,2,30142
30/04/2018,DS453090,1,35495
30/04/2018,DS454025,1,17730
30/04/2018,DS459828,5,704795
30/04/2018,DS455250,1,2915
30/04/2018,DS454647,2,5830
30/04/2018,DS454647,1,2915
30/04/2018,DS455251,1,2915
30/04/2018,DS455249,1,2915
27/04/2018,DS459858,1,17074
27/04/2018,DS459857,1,17835
27/04/2018,DS459815,1,454995
27/04/2018,DS453095,3,36936
27/04/2018,DS459772,2,676424
27/04/2018,DS451950,1,28728
26/04/2018,DS459520,1,218771
26/04/2018,DS451848,1,54820
26/04/2018,DS459739,2,12096
26/04/2018,DS459762,1,17531
26/04/2018,DS459757,1,35914
26/04/2018,DS453585,1,295320
26/04/2018,DS451980,4,77016
25/04/2018,DS453585,1,296295
24/04/2018,DS455251,2,5830
24/04/2018,DS453347,1,125686
24/04/2018,DS454647,2,5830
24/04/2018,DS458390,1,15500
24/04/2018,DS454477,1,177233
24/04/2018,DS455250,2,5830
24/04/2018,DS455249,2,5830
24/04/2018,DS454647,2,5830
24/04/2018,DS451848,1,54820
24/04/2018,DS459520,1,219502
24/04/2018,DS451762,1,15623
24/04/2018,DS455668,1,39000
24/04/2018,DS459434,2,69980
24/04/2018,DS459434,2,69980
24/04/2018,DS453998,1,126548
24/04/2018,DS459030,1,37470
24/04/2018,DS459029,1,47970
24/04/2018,DS459028,2,68980
24/04/2018,DS453090,1,20000
24/04/2018,DS451848,1,54820
24/04/2018,DS459520,1,219502
24/04/2018,DS453585,1,296295
24/04/2018,DS458672,5,28090
24/04/2018,DS459385,1,294939
24/04/2018,DS459737,1,107803
23/04/2018,DS453998,1,126548
23/04/2018,DS453997,1,31237
23/04/2018,DS453997,1,31237
23/04/2018,DS454484,1,88751
23/04/2018,DS453276,4,19872
23/04/2018,DS455608,1,70013
20/04/2018,DS454647,6,17490
20/04/2018,DS455661,1,18944
20/04/2018,DS459418,1,136025
20/04/2018,DS459384,1,39000
20/04/2018,DS459027,1,16614
20/04/2018,DS451980,1,26957
20/04/2018,DS459459,2,41426
20/04/2018,DS453170,1,40014
19/04/2018,DS459386,1,30567
19/04/2018,DS458511,10,156230
19/04/2018,DS459309,1,77350
19/04/2018,DS451929,2,37888
19/04/2018,DS454025,1,20588
19/04/2018,DS454025,1,20769
19/04/2018,DS459343,1,37397
19/04/2018,DS459344,1,48314
19/04/2018,DS459345,3,73269
19/04/2018,DS459346,1,35217
19/04/2018,DS451794,1,23785
19/04/2018,DS455684,2,28000
19/04/2018,DS451933,1,18405
19/04/2018,DS455936,3,53970
19/04/2018,DS459385,1,326833
19/04/2018,DS451792,1,26520
19/04/2018,DS459386,1,30567
17/04/2018,DS459249,1,33443
17/04/2018,DS459031,2,126310
17/04/2018,DS458389,2,31000
17/04/2018,DS454484,1,102280
17/04/2018,DS455661,1,18944
17/04/2018,DS459245,3,45312
17/04/2018,DS459323,3,2175348
17/04/2018,DS459260,1,42710
17/04/2018,DS458977,1,37417
17/04/2018,DS455544,1,16296
17/04/2018,DS458746,1,16685
17/04/2018,DS454177,1,15190
17/04/2018,DS458726,1,395409
17/04/2018,DS458663,1,60945
17/04/2018,DS454484,1,102280
17/04/2018,DS459025,1,17927
17/04/2018,DS458984,1,63990
16/04/2018,DS458389,2,31000
13/04/2018,DS453860,2,16972
13/04/2018,DS451798,1,23117
13/04/2018,DS458673,1,13490
13/04/2018,DS458674,1,13490
13/04/2018,DS458675,1,13490
13/04/2018,DS454642,1,225908
13/04/2018,DS458677,1,13490
13/04/2018,DS455609,1,198643
13/04/2018,DS453004,5,79675
13/04/2018,DS451950,1,34149
13/04/2018,DS453167,1,115427
13/04/2018,DS458676,1,13490
12/04/2018,DS455608,2,140026
12/04/2018,DS454647,1,2915
12/04/2018,DS455251,1,2915
12/04/2018,DS454647,8,23320
12/04/2018,DS453444,2,122420
12/04/2018,DS458576,1,108619
12/04/2018,DS458429,1,396382
12/04/2018,DS453445,4,244840
11/04/2018,DS454647,10,29150
11/04/2018,DS458743,1,58900
10/04/2018,DS454647,2,5830
10/04/2018,DS454647,1,2915
10/04/2018,DS455250,2,5830
10/04/2018,DS455251,2,5830
10/04/2018,DS458554,1,193750
10/04/2018,DS458242,1,114844
10/04/2018,DS453253,1,57478
10/04/2018,DS458732,1,39119
10/04/2018,DS458720,1,17156
10/04/2018,DS454647,2,5830
10/04/2018,DS455249,1,2915
10/04/2018,DS455250,1,2915
10/04/2018,DS455251,1,2915
10/04/2018,DS458513,1,122658
10/04/2018,DS454647,2,5830
10/04/2018,DS455249,1,2915
10/04/2018,DS455250,1,2915
10/04/2018,DS455251,1,2915
10/04/2018,DS455637,2,34312
10/04/2018,DS455684,1,14000
10/04/2018,DS451762,1,15623
10/04/2018,DS453095,1,16253
10/04/2018,DS455249,2,5830
09/04/2018,DS453253,1,57478
09/04/2018,DS458386,1,26105
09/04/2018,DS458232,1,19503
09/04/2018,DS458672,6,62838
09/04/2018,DS453005,5,87975
06/04/2018,DS458628,1,106480
06/04/2018,DS458344,6,204762
04/04/2018,DS455617,1,373024
04/04/2018,DS458515,1,156227
03/04/2018,DS455684,2,28000
03/04/2018,DS458508,2,59164
03/04/2018,DS451929,1,18932
03/04/2018,DS458509,1,32228
03/04/2018,DS454647,4,11660
03/04/2018,DS458511,20,312460
03/04/2018,DS458426,1,60146
03/04/2018,DS451794,3,71355
03/04/2018,DS458506,1,22213
03/04/2018,DS458507,1,17781
03/04/2018,DS453085,2,67984
02/04/2018,DS454647,4,11660
02/04/2018,DS455250,2,5830
02/04/2018,DS455249,2,5830
02/04/2018,DS458389,2,31000
02/04/2018,DS458390,2,31000
02/04/2018,DS458388,2,29000
02/04/2018,DS454647,2,5830
02/04/2018,DS455249,1,2915
02/04/2018,DS455250,1,2915
02/04/2018,DS455251,1,2915
02/04/2018,DS458393,2,45154
02/04/2018,DS453010,1,26105
02/04/2018,DS458385,1,117610
02/04/2018,DS455251,2,5830
29/03/2018,DS454647,1,2915
29/03/2018,DS452722,3,51198
29/03/2018,DS458240,3,88899
29/03/2018,DS452952,1,13610
29/03/2018,DS451794,1,23785
29/03/2018,DS451794,1,23785
29/03/2018,DS451950,1,33935
28/03/2018,DS458220,2,1054812
28/03/2018,DS458219,2,785514
28/03/2018,DS457861,1,21538
28/03/2018,DS455706,1,18664
28/03/2018,DS458233,1,13293
28/03/2018,DS453754,2,199204
28/03/2018,DS453998,2,248710
26/03/2018,DS451262,2,181416
23/03/2018,DS451794,2,30458
23/03/2018,DS451794,1,15229
23/03/2018,DS455594,1,16349
23/03/2018,DS455960,8,538544
23/03/2018,DS456029,1,334020
22/03/2018,DS454599,1,17403
22/03/2018,DS451761,1,75064
22/03/2018,DS453347,1,137298
22/03/2018,DS451950,1,33576
21/03/2018,DS451995,1,77354
21/03/2018,DS455922,1,12077
21/03/2018,DS453095,1,16218
21/03/2018,DS451794,1,16311
21/03/2018,DS455950,1,16164
20/03/2018,DS451794,2,32622
20/03/2018,DS453253,1,56583
20/03/2018,DS451794,1,16311
20/03/2018,DS455910,1,23059
20/03/2018,DS455804,1,64790
20/03/2018,DS451794,5,81555
19/03/2018,DS455654,1,67683
19/03/2018,DS451794,1,16255
16/03/2018,DS454070,1,115192
16/03/2018,DS451933,1,18293
16/03/2018,DS453010,1,26652
16/03/2018,DS455804,1,65500
16/03/2018,DS451761,1,75513
15/03/2018,DS454940,1,93225
15/03/2018,DS455724,1,31582
15/03/2018,DS454647,3,8745
15/03/2018,DS454940,1,93225
15/03/2018,DS455250,2,5830
15/03/2018,DS455251,2,5830
15/03/2018,DS455249,2,5830
14/03/2018,DS455661,2,37658
14/03/2018,DS454647,2,5830
14/03/2018,DS455668,1,39000
14/03/2018,DS455608,1,68094
13/03/2018,DS453998,1,121882
13/03/2018,DS451980,2,47972
12/03/2018,DS455639,1,224239
12/03/2018,DS455251,1,2915
12/03/2018,DS451794,2,32510
12/03/2018,DS453676,1,424527
12/03/2018,DS454790,1,237542
12/03/2018,DS455615,1,42165
12/03/2018,DS455616,1,247688
12/03/2018,DS455617,1,360760
12/03/2018,DS451794,1,16255
12/03/2018,DS451794,1,16255
12/03/2018,DS453095,6,97002
12/03/2018,DS453476,3,54951
12/03/2018,DS454647,1,2915
12/03/2018,DS455249,1,2915
12/03/2018,DS455250,1,2915
12/03/2018,DS455609,1,192610
09/03/2018,DS455575,1,18798
09/03/2018,DS455594,1,16255
09/03/2018,DS452952,1,13610
09/03/2018,DS451950,1,33610
08/03/2018,DS451794,3,48765
08/03/2018,DS454626,2,35558
08/03/2018,DS455440,1,20647
08/03/2018,DS455286,1,61425
08/03/2018,DS455418,1,70848
08/03/2018,DS455287,1,29841
08/03/2018,DS453582,3,26925
08/03/2018,DS453173,1,16167
08/03/2018,DS454752,2,143196
08/03/2018,DS451950,1,33935
08/03/2018,DS455352,1,189769
07/03/2018,DS453253,1,57039
07/03/2018,DS455332,1,46312
07/03/2018,DS454647,1,2915
07/03/2018,DS454647,1,2915
07/03/2018,DS455249,1,2915
07/03/2018,DS454647,1,2915
07/03/2018,DS455251,1,2915
07/03/2018,DS453001,3,84453
07/03/2018,DS453001,6,168906
07/03/2018,DS453001,1,28151
07/03/2018,DS455250,1,2915
06/03/2018,DS454640,1,212874
06/03/2018,DS454510,3,54753
06/03/2018,DS454626,1,16421
06/03/2018,DS451950,1,33935
06/03/2018,DS455193,1,55486
06/03/2018,DS451794,3,50085
06/03/2018,DS454025,4,80712
05/03/2018,DS452844,1,135913
05/03/2018,DS453582,1,8937
05/03/2018,DS454752,1,73537
05/03/2018,DS454940,1,91872
05/03/2018,DS451794,1,16695
05/03/2018,DS454985,1,483274
05/03/2018,DS455092,1,153508
05/03/2018,DS451727,1,12978
05/03/2018,DS454759,1,32074
02/03/2018,DS454484,1,94677
02/03/2018,DS454733,1,25171
02/03/2018,DS453010,1,26220
02/03/2018,DS452724,2,237848
02/03/2018,DS454026,1,75898
01/03/2018,DS453754,1,96309
01/03/2018,DS451794,1,14678
01/03/2018,DS454515,1,684165
01/03/2018,DS454516,1,1566247
01/03/2018,DS454633,1,12029
01/03/2018,DS451794,1,14678
01/03/2018,DS454561,1,16596
01/03/2018,DS454593,1,172773
01/03/2018,DS451799,1,531078
01/03/2018,DS454387,1,690160
01/03/2018,DS452952,1,13610
01/03/2018,DS454625,1,9570
01/03/2018,DS454211,1,59862
01/03/2018,DS454642,2,424184
01/03/2018,DS454025,1,18352
01/03/2018,DS454211,1,59862
01/03/2018,DS453998,2,241788
28/02/2018,DS454484,1,94677
27/02/2018,DS453576,1,13786
27/02/2018,DS452726,2,26202
27/02/2018,DS454484,1,94677
26/02/2018,DS454038,2,27068
26/02/2018,DS453476,2,30418
26/02/2018,DS454314,1,146709
26/02/2018,DS451794,1,15345
26/02/2018,DS453860,20,128460
23/02/2018,DS454193,10,246690
23/02/2018,DS454000,1,25532
23/02/2018,DS454210,1,52925
22/02/2018,DS453452,5,1538405
22/02/2018,DS453451,2,981042
22/02/2018,DS453002,2,741618
22/02/2018,DS451794,4,58712
21/02/2018,DS451950,1,31288
21/02/2018,DS453276,2,16332
21/02/2018,DS454093,1,43740
21/02/2018,DS453860,2,13522
21/02/2018,DS454177,1,15190
21/02/2018,DS454094,1,61693
19/02/2018,DS454055,1,66696
19/02/2018,DS453997,1,31237
19/02/2018,DS453997,1,31237
19/02/2018,DS453576,1,13753
19/02/2018,DS454081,1,84653
19/02/2018,DS454080,1,503949
19/02/2018,DS454070,1,115192
19/02/2018,DS454033,1,107109
19/02/2018,DS453963,1,38203
19/02/2018,DS451794,1,15524
19/02/2018,DS453871,1,34617
19/02/2018,DS453999,1,25194
16/02/2018,DS454025,3,55698
16/02/2018,DS451794,3,46572
16/02/2018,DS453998,1,121882
16/02/2018,DS454022,1,77730
15/02/2018,DS453908,3,65442
13/02/2018,DS451950,1,31709
13/02/2018,DS453001,1,28523
13/02/2018,DS452726,5,66555
13/02/2018,DS451794,2,31048
13/02/2018,DS453444,2,122420
13/02/2018,DS453445,4,244840
13/02/2018,DS453791,2,147608
13/02/2018,DS451794,1,15524
12/02/2018,DS451262,1,87939
12/02/2018,DS451794,3,46572
12/02/2018,DS453148,1,14234
09/02/2018,DS451933,2,35574
09/02/2018,DS453796,2,51206
09/02/2018,DS453860,1,6800
09/02/2018,DS452137,1,72058
09/02/2018,DS451950,2,63418
09/02/2018,DS453797,1,32600
09/02/2018,DS453582,1,7325
09/02/2018,DS451794,3,46572
07/02/2018,DS453753,1,26945
07/02/2018,DS453586,1,305429
07/02/2018,DS453754,1,124997
07/02/2018,DS451794,3,46455
07/02/2018,DS451929,1,17511
07/02/2018,DS451794,2,31048
07/02/2018,DS451762,2,41412
07/02/2018,DS453585,1,315344
07/02/2018,DS453001,1,28523
05/02/2018,DS453348,1,46875
05/02/2018,DS453686,2,124512
05/02/2018,DS452702,1,112342
05/02/2018,DS452718,2,43262
05/02/2018,DS451736,2,29398
05/02/2018,DS453638,1,42204
05/02/2018,DS453568,1,19200
02/02/2018,DS453253,1,54005
02/02/2018,DS451794,1,15585
02/02/2018,DS453573,1,150190
02/02/2018,DS451794,2,30970
02/02/2018,DS453580,1,24295
02/02/2018,DS451929,2,34930
01/02/2018,DS451736,5,73030
01/02/2018,DS451794,1,15494
01/02/2018,DS451736,1,14606
31/01/2018,DS451794,2,30988
31/01/2018,DS453516,1,19782
31/01/2018,DS453517,1,83424
30/01/2018,DS451794,1,15635
30/01/2018,DS451792,1,23601
30/01/2018,DS453393,1,169417
30/01/2018,DS453472,1,48479
30/01/2018,DS452703,2,46122
30/01/2018,DS453173,1,12933
30/01/2018,DS453505,1,67048
30/01/2018,DS451794,2,30988
30/01/2018,DS451794,1,15675
30/01/2018,DS453506,1,16434
26/01/2018,DS453170,1,34462
26/01/2018,DS453177,1,90230
26/01/2018,DS452721,1,50727
26/01/2018,DS453478,2,29064
25/01/2018,DS453477,1,35703
25/01/2018,DS453472,1,49540
25/01/2018,DS451794,4,62700
25/01/2018,DS453470,10,1379040
25/01/2018,DS453476,1,15506
24/01/2018,DS453451,2,981042
24/01/2018,DS453452,6,1846086
24/01/2018,DS453347,1,131869
24/01/2018,DS453095,3,44736
24/01/2018,DS451929,1,17627
24/01/2018,DS453439,2,16520
24/01/2018,DS452726,5,66555
24/01/2018,DS452979,5,29530
24/01/2018,DS453440,1,9483
24/01/2018,DS453004,4,61836
24/01/2018,DS453469,1,33325
24/01/2018,DS451794,3,48546
24/01/2018,DS451757,20,356520
23/01/2018,DS453253,1,54590
23/01/2018,DS451794,2,31270
22/01/2018,DS452704,1,38673
22/01/2018,DS452704,1,38790
22/01/2018,DS452704,1,38673
19/01/2018,DS453393,1,169417
18/01/2018,DS453276,1,8800
18/01/2018,DS451794,2,31270
18/01/2018,DS453148,5,73165
18/01/2018,DS452906,1,71649
18/01/2018,DS453364,1,211504
18/01/2018,DS453169,1,114854
18/01/2018,DS451727,1,15809
18/01/2018,DS453095,1,14912
18/01/2018,DS452718,3,71565
18/01/2018,DS453173,1,12933
18/01/2018,DS453163,1,68026
12/01/2018,DS453144,1,27129
11/01/2018,DS451950,2,63884
11/01/2018,DS453090,1,35495
11/01/2018,DS453150,1,26343
10/01/2018,DS453148,1,14633
10/01/2018,DS451933,1,15416
10/01/2018,DS451792,1,22605
10/01/2018,DS451772,1,8972
10/01/2018,DS451682,1,20963
10/01/2018,DS453143,1,28255
10/01/2018,DS452726,1,8067
10/01/2018,DS452725,1,9268
10/01/2018,DS451929,1,17627
10/01/2018,DS453146,1,31168
09/01/2018,DS451977,1,18322
08/01/2018,DS453004,7,108633
08/01/2018,DS452724,1,114164
08/01/2018,DS453092,1,79952
08/01/2018,DS453059,1,17123
08/01/2018,DS453087,1,45582
08/01/2018,DS453102,1,177189
05/01/2018,DS453002,2,741618
05/01/2018,DS453005,2,32480
05/01/2018,DS453085,2,68988
05/01/2018,DS451794,1,13289
05/01/2018,DS451794,3,44889
05/01/2018,DS451736,2,30142
03/01/2018,DS453004,2,28414
03/01/2018,DS452717,1,14190
02/01/2018,DS452985,1,15908
29/12/2017,DS453003,1,10049
29/12/2017,DS453002,4,1393812
29/12/2017,DS453005,4,58340
29/12/2017,DS453001,1,26350
28/12/2017,DS452982,2,106490
28/12/2017,DS452705,1,107762
28/12/2017,DS452979,10,40950
28/12/2017,DS451794,1,13289
28/12/2017,DS451794,1,14765
27/12/2017,DS452977,1,10049
27/12/2017,DS452703,5,109735
27/12/2017,DS452952,1,7214
27/12/2017,DS452703,2,46122
27/12/2017,DS451794,2,31446
26/12/2017,DS452726,1,8067
26/12/2017,DS452725,1,9268
26/12/2017,DS452719,1,292154
26/12/2017,DS451736,1,13734
26/12/2017,DS452963,1,45770
26/12/2017,DS452704,1,38692
22/12/2017,DS451995,1,71321
20/12/2017,DS452704,1,38790
20/12/2017,DS451758,1,6194
20/12/2017,DS452724,1,106332
20/12/2017,DS452704,1,38673
20/12/2017,DS452718,2,43262
20/12/2017,DS452702,1,112342
20/12/2017,DS452721,1,45672
20/12/2017,DS451794,1,15485
20/12/2017,DS452719,1,292154
20/12/2017,DS451758,1,6194
20/12/2017,DS452722,1,15012
20/12/2017,DS452704,1,38673
20/12/2017,DS451929,5,84075
20/12/2017,DS452716,2,47254
20/12/2017,DS452715,2,67016
20/12/2017,DS452702,1,112342
20/12/2017,DS451980,1,20757
20/12/2017,DS452077,1,34193
20/12/2017,DS451794,2,31446
15/12/2017,DS451792,1,22605
13/12/2017,DS451963,2,53914
13/12/2017,DS451929,1,16577
13/12/2017,DS451981,1,84697
13/12/2017,DS451977,1,18322
13/12/2017,DS451794,3,46455
06/12/2017,DS451727,2,19028
06/12/2017,DS451794,1,15485
06/12/2017,DS451936,1,8737
06/12/2017,DS451950,1,30312
06/12/2017,DS451262,1,87444
06/12/2017,DS451930,2,109722
06/12/2017,DS451933,1,15416
06/12/2017,DS451262,1,83024
01/12/2017,DS451792,1,22605
01/12/2017,DS451761,1,69768
01/12/2017,DS451846,1,8934
01/12/2017,DS451847,1,27510
01/12/2017,DS451848,1,51752
30/11/2017,DS451795,1,115787
30/11/2017,DS451772,1,8972
30/11/2017,DS451792,1,22605
30/11/2017,DS451681,3,39420
30/11/2017,DS451796,1,9708
30/11/2017,DS451799,10,5596350
30/11/2017,DS451798,1,12320
27/11/2017,DS451758,1,6031
27/11/2017,DS451737,1,121466
27/11/2017,DS451762,1,12610
27/11/2017,DS451736,2,25026
27/11/2017,DS451760,1,48783
24/11/2017,DS451734,1,8514
24/11/2017,DS451727,2,12578
24/11/2017,DS451726,1,3580
22/11/2017,DS451689,1,24836
22/11/2017,DS451687,4,104648
22/11/2017,DS451691,1,16342
22/11/2017,DS451682,1,20963
22/11/2017,DS451689,1,24836
09/11/2017,DS451522,1,67416
09/11/2017,DS451505,1,59534
06/11/2017,DS451381,1,116122
31/10/2017,DS450965,1,109679
31/10/2017,DS451262,3,260553
31/10/2017,DS450965,3,326544
